City_ID,City,Country,Lat,Lng,Max Temp,Humidity,Cloudiness,Wind Speed,Current Description
0,San Cristobal,VE,7.7669,-72.225,71.78,99,100,1.79,overcast clouds
1,Tasiilaq,GL,65.6145,-37.6368,32.16,52,14,4.94,few clouds
2,New Norfolk,AU,-42.7826,147.0587,57.7,45,100,1.99,overcast clouds
3,Vila Velha,BR,-20.3297,-40.2925,67.95,100,90,2.3,moderate rain
4,Paita,PE,-5.0892,-81.1144,65.26,87,70,12.8,broken clouds
5,Kavaratti,IN,10.5669,72.642,82.53,81,100,16.44,overcast clouds
6,Arraial Do Cabo,BR,-22.9661,-42.0278,67.01,89,100,19.24,moderate rain
7,Provideniya,RU,64.3833,-173.3,33.91,80,75,11.18,broken clouds
8,Kruisfontein,ZA,-34.0033,24.7314,53.11,65,53,6.24,broken clouds
9,Shingu,JP,33.7333,135.9833,79.79,73,44,3.83,scattered clouds
10,Rikitea,PF,-23.1203,-134.9692,74.84,77,100,14.9,overcast clouds
11,Busselton,AU,-33.65,115.3333,62.04,86,96,23.47,overcast clouds
12,Iqaluit,CA,63.7506,-68.5145,29.93,92,20,1.99,few clouds
13,Pucallpa,PE,-8.3791,-74.5539,84.24,74,40,2.3,scattered clouds
14,Longyearbyen,SJ,78.2186,15.6401,28.24,74,75,12.66,light snow
15,Korem,ET,12.5058,39.5228,54.43,85,64,1.9,light rain
16,Albany,US,42.6001,-73.9662,61.81,89,89,3.2,overcast clouds
17,Dunedin,NZ,-45.8742,170.5036,52.81,81,100,10.0,overcast clouds
18,Bambous Virieux,MU,-20.3428,57.7575,72.21,100,75,9.22,light rain
19,Rockport,US,28.0206,-97.0544,85.01,86,20,4.0,few clouds
20,Eyl,SO,7.9803,49.8164,78.4,85,66,11.74,broken clouds
21,Punta Arenas,CL,-53.15,-70.9167,46.51,49,40,28.77,scattered clouds
22,Caborca,MX,30.5838,-111.101,72.43,18,0,6.8,clear sky
23,Upernavik,GL,72.7868,-56.1549,33.48,96,100,14.81,light snow
24,Shetpe,KZ,44.1667,52.1167,47.97,46,99,4.63,overcast clouds
25,Carnarvon,AU,-24.8667,113.6333,69.87,60,0,19.57,light rain
26,Salym,RU,60.0625,71.4789,25.92,77,13,3.85,few clouds
27,Broken Hill,AU,-31.95,141.4333,56.91,47,41,12.66,scattered clouds
28,Pangnirtung,CA,66.1451,-65.7125,26.6,100,20,3.44,mist
29,Lebu,CL,-37.6167,-73.65,49.73,88,5,14.0,clear sky
30,Thompson,CA,55.7435,-97.8558,42.96,87,20,4.61,few clouds
31,Ushuaia,AR,-54.8,-68.3,38.86,87,40,11.5,light rain
32,Nikolskoye,RU,59.7035,30.7861,49.89,70,19,8.41,few clouds
33,Torbay,CA,47.6666,-52.7314,42.76,86,40,14.97,scattered clouds
34,Vila Franca Do Campo,PT,37.7167,-25.4333,72.01,87,100,11.21,overcast clouds
35,Glazov,RU,58.1394,52.6584,44.11,97,100,7.49,overcast clouds
36,Ugep,NG,5.8086,8.0812,73.54,96,94,2.46,overcast clouds
37,Port Hawkesbury,CA,45.6169,-61.3485,55.69,71,1,1.99,clear sky
38,Marzuq,YE,14.4,46.4667,75.49,63,99,0.89,overcast clouds
39,Lompoc,US,34.6391,-120.4579,68.38,80,20,12.66,mist
40,Avarua,CK,-21.2078,-159.775,77.05,73,100,8.05,overcast clouds
41,San Patricio,US,28.017,-97.5169,84.29,76,4,18.41,clear sky
42,Khatanga,RU,71.9667,102.5,13.14,96,100,6.64,light snow
43,Buala,SB,-8.145,159.5921,83.28,76,91,4.61,overcast clouds
44,Sena Madureira,BR,-9.0656,-68.6569,80.55,69,98,1.14,overcast clouds
45,Touros,BR,-5.1989,-35.4608,79.7,76,10,11.54,clear sky
46,Andra,RU,62.5147,65.8878,26.2,70,35,5.17,scattered clouds
47,Bluff,NZ,-46.6,168.3333,46.8,86,100,9.37,light rain
48,Coihaique,CL,-45.5752,-72.0662,49.95,71,75,5.75,light rain
49,Kampene,CD,-3.6,26.6667,67.48,99,90,2.89,overcast clouds
50,Jamestown,US,42.097,-79.2353,63.72,89,1,4.0,clear sky
51,Ransang,PH,8.9603,117.5828,82.11,82,100,12.15,heavy intensity rain
52,Mataura,NZ,-46.1927,168.8643,46.47,99,100,4.27,overcast clouds
53,Meulaboh,ID,4.1363,96.1285,80.2,76,100,2.19,overcast clouds
54,Puerto Ayora,EC,-0.7393,-90.3518,68.56,90,53,3.0,broken clouds
55,Dikson,RU,73.5069,80.5464,28.98,64,100,19.62,overcast clouds
56,Cam Ranh,VN,11.9214,109.1591,85.96,70,0,1.14,clear sky
57,Hobart,AU,-42.8794,147.3294,58.05,50,40,4.0,scattered clouds
58,Mar Del Plata,AR,-38.0023,-57.5575,58.08,58,0,8.01,clear sky
59,Linhares,BR,-19.3911,-40.0722,68.14,97,100,2.53,light rain
60,Port Hardy,CA,50.6996,-127.4199,48.38,81,75,4.61,light intensity shower rain
61,Saint-Philippe,RE,-21.3585,55.7679,72.95,89,4,6.67,clear sky
62,Bac Lieu,VN,9.285,105.7244,83.23,79,100,14.09,overcast clouds
63,Terme,TR,41.2092,36.9739,55.33,89,5,2.66,clear sky
64,Yellowknife,CA,62.456,-114.3525,35.42,100,90,7.0,light rain
65,Chokurdakh,RU,70.6333,147.9167,20.7,86,100,6.91,overcast clouds
66,Castro,BR,-24.7911,-50.0119,56.16,96,100,11.72,overcast clouds
67,Laguna,US,38.421,-121.4238,77.29,34,1,4.61,clear sky
68,Cherskiy,RU,68.75,161.3,14.47,90,17,5.19,few clouds
69,Imeni Poliny Osipenko,RU,52.4201,136.4853,44.91,65,99,12.06,overcast clouds
70,Kavieng,PG,-2.5744,150.7967,84.7,67,12,5.37,few clouds
71,The Valley,AI,18.217,-63.0578,82.26,81,100,25.21,overcast clouds
72,Esperance,AU,-33.8667,121.9,64.24,35,100,25.68,overcast clouds
73,Husavik,IS,66.0449,-17.3389,35.51,96,100,2.42,overcast clouds
74,Bredasdorp,ZA,-34.5322,20.0403,51.12,87,100,4.61,overcast clouds
75,Lethem,GY,3.3803,-59.7968,81.46,67,68,4.76,broken clouds
76,Atambua,ID,-9.1061,124.8925,86.99,48,87,4.25,overcast clouds
77,Port Elizabeth,ZA,-33.918,25.5701,57.49,82,0,11.5,clear sky
78,Punta De Piedra,VE,7.6176,-71.4916,72.95,98,100,2.98,overcast clouds
79,Pisco,PE,-13.7,-76.2167,62.65,82,0,4.61,clear sky
80,Hirara,JP,24.8,125.2833,80.87,94,75,23.02,broken clouds
81,Juegang,CN,32.3174,121.1855,68.92,83,100,20.04,light rain
82,Tigzirt,DZ,36.8886,4.1198,64.26,72,0,6.58,clear sky
83,Saint George,US,37.1041,-113.5841,70.39,33,1,3.0,clear sky
84,Halden,NO,59.1226,11.3871,47.91,82,3,11.41,clear sky
85,Port Alfred,ZA,-33.5906,26.891,56.3,78,60,14.74,broken clouds
86,Dudinka,RU,69.4058,86.1778,21.61,92,100,6.04,overcast clouds
87,Manono,CD,-7.3,27.4167,75.04,66,100,2.42,overcast clouds
88,Estepona,ES,36.4276,-5.1459,67.82,86,100,10.36,overcast clouds
89,Hermanus,ZA,-34.4187,19.2345,64.9,55,100,7.07,overcast clouds
90,Kapaa,US,22.0752,-159.319,84.18,71,75,4.0,light rain
91,Hilo,US,19.7297,-155.09,80.33,83,40,6.91,light rain
92,Mandalgovi,MN,45.7625,106.2708,41.31,27,5,14.07,clear sky
93,Rawson,AR,-43.3002,-65.1023,58.6,62,1,7.23,clear sky
94,Saryozek,KZ,44.3583,77.9753,36.88,96,100,6.13,overcast clouds
95,Lata,PT,40.1629,-8.3327,65.05,57,18,5.06,few clouds
96,Okhotsk,RU,59.3833,143.3,30.61,71,38,10.85,scattered clouds
97,Aklavik,CA,68.2191,-135.0107,29.23,88,100,4.81,overcast clouds
98,Sisimiut,GL,66.9395,-53.6735,32.4,85,95,6.73,overcast clouds
99,Vaini,TO,-21.2,-175.2,77.16,83,75,13.8,broken clouds
100,Tari,NG,12.4086,4.4914,79.48,58,87,6.98,overcast clouds
101,Cape Town,ZA,-33.9258,18.4232,65.12,94,0,2.3,clear sky
102,Ternate,ID,0.8,127.4,84.9,73,85,8.5,overcast clouds
103,Kuminskiy,RU,58.6667,66.5667,25.27,68,2,3.98,clear sky
104,East London,ZA,-33.0153,27.9116,57.85,72,51,16.44,broken clouds
105,Kiunga,PG,-6.1219,141.2906,77.97,90,100,0.63,overcast clouds
106,Ponta Do Sol,PT,32.6667,-17.1,72.01,70,13,4.54,few clouds
107,Camargo,MX,27.6667,-105.1667,78.31,26,1,9.6,clear sky
108,North Bend,US,43.4065,-124.2243,57.11,86,75,6.91,broken clouds
109,Port-Gentil,GA,-0.7193,8.7815,77.88,85,100,8.41,overcast clouds
110,Lagoa,PT,39.05,-27.9833,68.56,88,100,17.94,overcast clouds
111,Talnakh,RU,69.4865,88.3972,21.45,96,97,7.52,overcast clouds
112,Hofn,IS,64.2539,-15.2082,39.49,63,1,13.29,clear sky
113,Bandarbeyla,SO,9.4942,50.8122,78.73,86,64,22.06,broken clouds
114,Parry Sound,CA,45.3501,-80.033,66.11,82,100,11.88,overcast clouds
115,Agadez,NE,19.75,10.25,75.83,12,18,6.6,few clouds
116,Thunder Bay,CA,48.4001,-89.3168,63.55,99,90,12.66,light rain
117,Saldanha,ZA,-33.0117,17.9442,57.25,48,100,7.56,overcast clouds
118,Brae,GB,60.3964,-1.353,46.31,73,100,20.83,overcast clouds
119,Constitucion,CL,-35.3333,-72.4167,52.65,84,0,9.37,clear sky
120,Port Macquarie,AU,-31.4333,152.9167,63.9,88,90,17.27,overcast clouds
121,Myszkow,PL,50.5752,19.3246,39.97,100,96,1.66,overcast clouds
122,Marawi,PH,7.9986,124.2928,79.65,78,92,9.55,overcast clouds
123,Izhma,RU,65.0083,53.9113,33.33,98,100,4.83,light snow
124,Atuona,PF,-9.8,-139.0333,78.51,73,18,19.17,few clouds
125,Beyneu,KZ,45.3167,55.2,47.17,56,15,4.72,few clouds
126,Heishan,CN,41.6892,122.1128,55.69,40,0,6.35,clear sky
127,Kodiak,US,57.79,-152.4072,44.15,89,100,10.94,light rain
128,Oil City,US,41.4339,-79.7064,66.65,90,20,1.99,few clouds
129,Asekeyevo,RU,53.5742,52.7972,45.25,66,100,3.83,overcast clouds
130,Preobrazheniye,RU,42.9019,133.9064,57.43,40,0,5.59,clear sky
131,Yulara,AU,-25.2406,130.9889,64.24,48,0,18.41,clear sky
132,Asau,RO,46.4333,26.4,38.75,52,48,1.68,light snow
133,Makueni,KE,-1.8041,37.6203,62.71,84,95,2.95,overcast clouds
134,Ust-Maya,RU,60.4167,134.5333,33.57,94,100,6.04,light rain
135,Ikwiriri,TZ,-7.9562,38.9716,70.39,95,82,0.69,broken clouds
136,Padang,ID,-0.9492,100.3543,77.05,86,100,3.76,heavy intensity rain
137,Anadyr,RU,64.75,177.4833,23.5,92,75,8.01,broken clouds
138,Tripoli,LY,32.8752,13.1875,72.68,63,0,9.01,clear sky
139,Dwarka,IN,22.2394,68.9678,81.39,75,6,7.31,clear sky
140,Kajaani,FI,64.2273,27.7285,48.25,93,90,11.5,overcast clouds
141,Santa Rosa,PH,14.3122,121.1114,89.85,65,100,19.53,overcast clouds
142,Vardo,NO,70.3705,31.1107,44.38,90,100,10.31,overcast clouds
143,Fairbanks,US,64.8378,-147.7164,37.36,94,90,0.0,mist
144,Gizo,SB,-8.103,156.8419,84.49,69,98,5.03,overcast clouds
145,Hovd,MN,48.0056,91.6419,40.23,27,100,0.29,overcast clouds
146,Inirida,CO,3.8653,-67.9239,74.84,97,58,0.94,light rain
147,Sombrio,BR,-29.1139,-49.6167,61.93,79,99,9.66,overcast clouds
148,Pontes E Lacerda,BR,-15.2261,-59.3353,84.11,47,85,1.21,overcast clouds
149,Bethel,US,41.3712,-73.414,62.49,90,99,3.0,overcast clouds
150,Ganzhou,CN,28.8184,115.4327,63.91,77,100,13.76,overcast clouds
151,Caldwell,US,43.6629,-116.6874,62.47,46,1,5.75,clear sky
152,Matara,LK,5.9485,80.5353,79.88,86,100,12.01,light rain
153,Cidreira,BR,-30.1811,-50.2056,64.74,80,74,20.62,broken clouds
154,Dubbo,AU,-32.25,148.6167,62.73,55,100,4.61,overcast clouds
155,Sorong,ID,-0.8833,131.25,86.85,63,100,4.54,overcast clouds
156,Sitka,US,57.0531,-135.33,49.89,71,75,0.0,broken clouds
157,Samarai,PG,-10.6167,150.6667,79.18,80,100,5.77,overcast clouds
158,Nabire,ID,-3.3667,135.4833,86.49,65,71,4.81,moderate rain
159,Nome,US,64.5011,-165.4064,38.16,65,1,6.91,clear sky
160,Christchurch,NZ,-43.5333,172.6333,65.95,51,20,3.0,few clouds
161,Yuanping,CN,38.7153,112.7575,49.8,36,0,0.96,clear sky
162,Khorixas,NA,-20.3667,14.9667,76.44,11,0,10.47,clear sky
163,Huancavelica,PE,-12.7667,-74.9833,41.25,94,96,5.57,overcast clouds
164,Almaznyy,RU,48.0448,40.045,46.54,71,9,7.83,clear sky
165,Maceio,BR,-9.6658,-35.7353,78.24,94,40,4.61,scattered clouds
166,Puerto Rico,AR,-26.796,-55.024,67.77,92,100,1.54,overcast clouds
167,Sao Joao Da Barra,BR,-21.6403,-41.0511,67.86,91,100,17.52,moderate rain
168,Rancharia,BR,-22.2292,-50.8931,67.12,91,98,7.36,overcast clouds
169,Astana,KZ,51.1801,71.446,33.75,93,90,11.18,light rain
170,Tuktoyaktuk,CA,69.4541,-133.0374,30.2,100,90,8.05,light snow
171,Vao,NC,-22.6667,167.4833,70.57,64,3,12.53,clear sky
172,Beidao,CN,34.5686,105.8933,47.59,77,94,3.85,overcast clouds
173,Yar-Sale,RU,66.8333,70.8333,26.56,82,89,6.33,overcast clouds
174,Kjollefjord,NO,70.9457,27.3465,44.53,87,100,5.68,overcast clouds
175,Mahanoro,MG,-19.9,48.8,64.81,87,0,3.13,clear sky
176,Keti Bandar,PK,24.1447,67.4497,79.77,81,0,10.51,clear sky
177,Vestmannaeyjar,IS,63.4427,-20.2734,41.2,73,6,9.57,clear sky
178,Miri,MY,4.4148,114.0089,86.14,89,40,6.91,scattered clouds
179,Dorado,PR,18.4588,-66.2677,80.49,97,40,10.71,scattered clouds
180,Salinopolis,BR,-0.6136,-47.3561,80.44,81,3,11.41,clear sky
181,Agadir,MA,30.4202,-9.5982,63.05,81,100,4.38,overcast clouds
182,Wahiawa,US,21.5028,-158.0236,80.92,65,75,12.66,broken clouds
183,Ouargaye,BF,11.5033,0.0572,78.98,66,15,8.72,few clouds
184,Severo-Kurilsk,RU,50.6789,156.125,52.11,90,100,26.11,light rain
185,Westerly,US,41.3776,-71.8273,63.05,92,90,4.61,overcast clouds
186,Lufilufi,WS,-13.8745,-171.5986,76.78,77,100,7.94,light rain
187,Jalu,LY,29.0331,21.5482,74.41,34,0,6.82,clear sky
188,Nemuro,JP,43.3236,145.575,59.43,86,100,10.47,overcast clouds
189,Tiksi,RU,71.6872,128.8694,29.8,97,100,7.7,light snow
190,Butaritari,KI,3.0707,172.7902,82.04,65,57,9.15,broken clouds
191,Lungi,SL,9.2212,-12.6831,73.45,98,100,3.36,light rain
192,Angoche,MZ,-16.2325,39.9086,74.34,88,8,5.79,light rain
193,Sompeta,IN,18.9333,84.6,82.78,68,38,3.87,scattered clouds
194,Mount Gambier,AU,-37.8333,140.7667,57.11,54,75,10.36,broken clouds
195,Pavilosta,LV,56.8879,21.1859,40.95,69,19,14.58,few clouds
196,Jiaohe,CN,43.7286,127.3447,51.57,51,0,4.92,clear sky
197,Aksarka,RU,66.5606,67.7975,25.43,85,11,4.05,few clouds
198,Garissa,KE,-0.4536,39.6401,75.15,83,87,14.14,overcast clouds
199,Bathsheba,BB,13.2167,-59.5167,83.01,78,75,14.97,broken clouds
200,Prince Albert,CA,53.2001,-105.7677,48.15,43,75,2.3,broken clouds
201,Pacific Grove,US,36.6177,-121.9166,66.81,80,1,1.99,clear sky
202,Yichun,CN,47.7,128.9,48.76,50,0,13.04,clear sky
203,Katsuura,JP,35.1333,140.3,78.91,69,6,15.57,clear sky
204,Komsomolskiy,UZ,40.4272,71.7189,40.42,75,0,2.3,clear sky
205,Pemba,MZ,-12.974,40.5178,75.9,83,20,5.99,few clouds
206,Mehamn,NO,71.0357,27.8492,44.33,87,100,3.4,overcast clouds
207,Nyurba,RU,63.2842,118.3319,33.24,63,100,14.23,overcast clouds
208,Ucluelet,CA,48.9329,-125.5528,50.31,81,34,3.0,scattered clouds
209,Casper,US,42.8666,-106.3131,51.51,56,1,1.99,clear sky
210,Saskylakh,RU,71.9167,114.0833,22.15,96,100,7.45,overcast clouds
211,Stokmarknes,NO,68.5646,14.9108,48.49,83,100,0.69,overcast clouds
212,Grindavik,IS,63.8424,-22.4338,39.15,93,75,3.44,broken clouds
213,Nishihara,JP,26.1842,127.7558,85.28,79,75,20.71,light intensity shower rain
214,Tawala,PH,9.5542,123.7696,82.0,83,100,25.68,overcast clouds
215,Georgetown,MY,5.4112,100.3354,85.93,76,20,1.01,few clouds
216,Opuwo,NA,-18.0607,13.84,72.79,16,0,6.71,clear sky
217,Rio Gallegos,AR,-51.6226,-69.2181,46.45,39,0,9.22,clear sky
218,Chipinge,ZW,-20.1883,32.6236,53.22,84,100,7.14,overcast clouds
219,Maisach,DE,48.2167,11.2667,37.33,93,90,5.75,overcast clouds
220,Salta,AR,-24.7859,-65.4117,70.39,60,75,6.91,light rain
221,Severo-Yeniseyskiy,RU,60.3725,93.0408,20.55,75,10,6.35,clear sky
222,Sulangan,PH,11.1373,123.7228,83.71,80,100,23.8,overcast clouds
223,Barrow,US,71.2906,-156.7887,24.82,86,75,9.22,mist
224,Gobabis,NA,-22.45,18.9667,60.71,16,0,10.33,clear sky
225,Victoria,HK,22.2855,114.1577,86.97,75,42,3.0,scattered clouds
226,Inndyr,NO,67.0338,14.0276,46.44,86,100,6.26,overcast clouds
227,Luderitz,NA,-26.6481,15.1594,70.56,34,0,3.78,clear sky
228,Sur,OM,22.5667,59.5289,81.43,54,4,1.39,clear sky
229,Mitsamiouli,KM,-11.3847,43.2844,75.31,82,89,8.97,overcast clouds
230,Mahebourg,MU,-20.4081,57.7,72.25,100,75,9.22,light rain
231,Olga,RU,43.7444,135.2892,57.97,40,3,14.54,clear sky
232,Arman,RU,59.7,150.1667,37.08,39,1,7.31,clear sky
233,Kaitangata,NZ,-46.2817,169.8464,47.75,92,100,10.49,overcast clouds
234,Poum,NC,-20.2333,164.0167,75.18,65,2,14.07,clear sky
235,Ushtobe,KZ,45.2514,77.9838,42.66,77,91,15.17,overcast clouds
236,Kununurra,AU,-15.7667,128.7333,93.18,43,60,5.75,broken clouds
237,Hithadhoo,MV,-0.6,73.0833,82.96,68,99,13.91,overcast clouds
238,Mayo,US,38.8876,-76.5119,67.98,91,90,5.01,overcast clouds
239,Isangel,VU,-19.55,169.2667,80.71,61,75,13.8,light rain
240,Galegos,PT,41.5627,-8.572,67.33,51,66,6.69,broken clouds
241,Vestmanna,FO,62.1564,-7.1664,41.92,100,90,1.14,overcast clouds
242,Dukat,RU,62.55,155.55,20.34,74,1,4.52,clear sky
243,Zhigansk,RU,66.7697,123.3711,30.16,92,68,12.82,broken clouds
244,Bowen,AU,-20.0167,148.2333,82.62,56,3,10.25,clear sky
245,Zhigalovo,RU,54.8097,105.1578,42.24,59,100,4.05,overcast clouds
246,Warrington,GB,53.3925,-2.5802,54.27,86,40,3.0,scattered clouds
247,Ostrovnoy,RU,68.0531,39.5131,42.62,95,100,6.98,overcast clouds
248,Jumla,NP,29.2747,82.1838,57.87,52,0,2.91,clear sky
249,Bac Giang,VN,21.2667,106.2,73.47,88,100,14.65,moderate rain
250,Dalby,AU,-27.1833,151.2667,85.98,35,74,4.0,moderate rain
251,Siddapur,IN,14.3333,74.8833,71.29,95,77,1.81,broken clouds
252,Chudniv,UA,50.052,28.1175,36.77,63,8,5.99,clear sky
253,Itoman,JP,26.1247,127.6694,86.02,79,75,20.71,light intensity shower rain
254,Laharpur,IN,27.7167,80.9,75.36,68,12,2.84,few clouds
255,Richards Bay,ZA,-28.783,32.0377,59.68,66,65,1.05,broken clouds
256,Avera,US,33.194,-82.5271,71.11,75,3,6.33,clear sky
257,Portland,US,45.5234,-122.6762,54.18,74,90,1.01,overcast clouds
258,Murgab,TM,37.4966,61.9714,39.07,70,0,4.61,clear sky
259,Schwalmtal,DE,51.2167,6.2667,53.83,92,90,3.44,overcast clouds
260,Swellendam,ZA,-34.0226,20.4417,50.38,32,100,4.12,overcast clouds
261,Faya,SA,18.3851,42.4509,59.52,35,12,7.36,few clouds
262,Kaeo,NZ,-35.1,173.7833,62.53,58,91,11.21,overcast clouds
263,Sao Filipe,CV,14.8961,-24.4956,80.62,71,0,4.72,clear sky
264,Ambulu,ID,-8.345,113.6058,82.92,60,99,5.66,overcast clouds
265,Port Lincoln,AU,-34.7333,135.8667,56.23,50,3,11.36,clear sky
266,Kedrovyy,RU,56.1667,91.8167,32.41,98,100,5.7,light snow
267,Hoima,UG,1.4356,31.3436,65.57,96,100,1.01,overcast clouds
268,Abilene,US,32.4487,-99.7331,79.02,25,75,26.46,broken clouds
269,Carutapera,BR,-1.195,-46.02,79.66,78,2,8.32,clear sky
270,Buenaventura,CO,3.8801,-77.0312,75.02,95,100,1.59,light rain
271,Chase,CA,50.8165,-119.6857,46.15,69,68,3.2,broken clouds
272,Clyde River,CA,70.4692,-68.5914,32.77,80,80,5.93,broken clouds
273,Leningradskiy,RU,69.3833,178.4167,24.19,95,100,3.38,overcast clouds
274,Ilulissat,GL,69.2167,-51.1,33.82,80,20,2.3,few clouds
275,Udachnyy,RU,66.4167,112.4,21.16,91,100,21.94,light snow
276,Korla,CN,41.7597,86.1469,49.77,35,100,1.34,overcast clouds
277,Bakaly,RU,55.1789,53.8028,39.65,90,98,4.88,overcast clouds
278,Eureka,US,40.8021,-124.1637,56.19,78,0,5.99,clear sky
279,Cap Malheureux,MU,-19.9842,57.6142,72.46,92,100,5.01,light rain
280,Sorland,NO,67.667,12.6934,49.1,80,97,6.55,overcast clouds
281,Mali,GN,12.079,-12.2982,60.96,90,98,2.44,overcast clouds
282,Srednekolymsk,RU,67.45,153.6833,23.77,70,22,3.78,few clouds
283,Winter Garden,US,28.5653,-81.5862,77.05,86,0,3.0,clear sky
284,Manaure,CO,11.7751,-72.4445,82.38,77,98,13.22,overcast clouds
285,Ust-Ishim,RU,57.6935,71.1665,26.28,76,7,1.92,clear sky
286,Evensk,RU,61.95,159.2333,30.45,81,96,5.23,overcast clouds
287,Kotovo,RU,50.3211,44.8012,41.56,53,11,2.84,few clouds
288,Qaanaaq,GL,77.484,-69.3632,29.37,89,100,8.25,overcast clouds
289,Escalerillas,MX,22.1333,-101.0667,72.9,48,59,3.71,broken clouds
290,Bengkulu,ID,-3.8004,102.2655,76.06,92,99,16.08,overcast clouds
291,Pilar,BR,-9.5972,-35.9567,76.93,91,88,3.83,overcast clouds
292,Olafsvik,IS,64.8945,-23.7142,40.1,63,55,3.74,broken clouds
293,Hobyo,SO,5.3505,48.5268,78.69,86,57,14.23,broken clouds
294,Solwezi,ZM,-12.1688,26.3894,65.86,42,14,5.1,few clouds
295,Wuwei,CN,37.9281,102.6414,49.89,42,0,4.88,clear sky
296,Ahipara,NZ,-35.1667,173.1667,60.1,64,100,11.5,overcast clouds
297,Hualmay,PE,-11.0964,-77.6139,63.23,89,25,7.78,scattered clouds
298,Kangaatsiaq,GL,68.3065,-53.4641,32.77,82,86,5.19,overcast clouds
299,Gremyachinsk,RU,58.5603,57.851,34.61,94,100,6.04,light rain
300,Isiro,CD,2.7739,27.616,66.54,99,100,0.94,overcast clouds
301,Pauini,BR,-7.7136,-66.9764,80.53,60,51,0.72,broken clouds
302,Puerto Leguizamo,CO,-0.1934,-74.7819,73.0,96,13,1.68,few clouds
303,Josefina,PH,8.2,123.5333,75.56,90,99,6.24,overcast clouds
304,Ribeira Grande,PT,38.5167,-28.7,69.69,91,100,24.36,overcast clouds
305,Sola,VU,-13.8833,167.55,80.13,76,17,12.97,few clouds
306,Tuatapere,NZ,-46.1333,167.6833,46.81,93,100,4.65,moderate rain
307,La Asuncion,VE,11.0333,-63.8628,80.46,84,100,10.02,overcast clouds
308,Ereymentau,KZ,51.6199,73.1033,32.85,95,100,11.3,light snow
309,Natal,BR,-5.795,-35.2094,79.45,83,20,8.05,few clouds
310,Praia,CV,14.9215,-23.5087,77.54,83,0,17.27,clear sky
311,Contamana,PE,-7.3333,-75.0167,80.6,56,61,2.59,broken clouds
312,Comandau,RO,45.7667,26.2667,31.95,64,99,5.32,overcast clouds
313,Geraldton,AU,-28.7667,114.6,68.41,60,75,13.8,broken clouds
314,Ati,TD,13.2154,18.3353,82.65,41,98,9.33,overcast clouds
315,Sawakin,SD,19.1059,37.3321,83.12,77,30,1.66,scattered clouds
316,Bubaque,GW,11.2833,-15.8333,81.91,78,52,6.51,broken clouds
317,Mpongwe,ZM,-13.5091,28.155,74.43,30,77,13.44,broken clouds
318,Ventspils,LV,57.3894,21.5606,40.93,100,20,6.91,few clouds
319,Tilichiki,RU,60.4667,166.1,32.41,56,6,4.72,clear sky
320,Kennett,US,36.2362,-90.0556,78.8,73,1,14.97,clear sky
321,Itarema,BR,-2.9248,-39.9167,78.98,75,5,13.89,clear sky
322,Ogbomosho,NG,8.133,4.25,71.56,97,100,4.43,overcast clouds
323,Pevek,RU,69.7008,170.3133,23.72,92,100,4.38,overcast clouds
324,Dalbandin,PK,28.8947,64.4101,57.54,17,0,6.06,clear sky
325,Acapulco,MX,16.8634,-99.8901,79.92,83,15,2.64,few clouds
326,Port Blair,IN,11.6667,92.75,82.13,83,100,18.23,overcast clouds
327,Bikaner,IN,28.0167,73.3,82.83,46,0,14.58,clear sky
328,Verkhnevilyuysk,RU,63.4453,120.3167,32.61,75,100,13.62,overcast clouds
329,Klaksvik,FO,62.2266,-6.589,43.72,81,100,8.23,overcast clouds
330,Lorengau,PG,-2.0226,147.2712,85.93,67,33,4.45,scattered clouds
331,Muros,ES,42.7762,-9.0603,63.23,77,28,8.99,scattered clouds
332,Halifax,CA,44.6453,-63.5724,53.65,88,100,3.44,overcast clouds
333,Gat,IL,31.61,34.7642,69.4,71,0,4.27,clear sky
334,Atherton,GB,53.5237,-2.4935,53.69,88,100,1.99,overcast clouds
335,Guanambi,BR,-14.2233,-42.7814,76.44,67,99,15.37,overcast clouds
336,Saravena,CO,6.9538,-71.8752,71.78,98,100,3.18,moderate rain
337,Yerbogachen,RU,61.2767,108.0108,30.29,79,75,12.37,light snow
338,Wajima,JP,37.4,136.9,77.68,69,75,17.27,broken clouds
339,Suoyarvi,RU,62.0833,32.35,45.09,91,63,10.83,broken clouds
340,Henties Bay,NA,-22.116,14.2845,57.85,78,0,5.75,clear sky
341,Oussouye,SN,12.485,-16.5469,80.78,83,100,3.56,overcast clouds
342,Yinchuan,CN,38.4681,106.2731,49.05,41,0,4.38,clear sky
343,Norman Wells,CA,65.282,-126.8329,30.24,93,75,6.91,broken clouds
344,Kahului,US,20.8947,-156.47,83.46,79,40,26.46,scattered clouds
345,Puerto Colombia,CO,10.9878,-74.9547,80.69,76,99,6.49,overcast clouds
346,Bingol,TR,38.8847,40.4939,56.32,24,0,5.44,clear sky
347,Nouadhibou,MR,20.931,-17.0347,67.98,88,0,10.36,clear sky
348,Santiago Del Estero,AR,-27.7951,-64.2615,67.8,69,0,4.88,clear sky
349,Raga,SS,8.4596,25.678,71.17,90,98,5.57,overcast clouds
350,Ratnagiri,IN,16.9833,73.3,78.21,89,81,5.53,broken clouds
351,Shache,CN,38.4167,77.2406,49.12,38,100,6.02,overcast clouds
352,Serebriya,UA,48.4559,27.7192,43.99,54,3,5.48,clear sky
353,Bagacay,PH,12.9821,124.1415,83.48,82,83,21.5,broken clouds
354,Lahij,YE,13.1667,44.5833,81.82,70,46,2.91,scattered clouds
355,Batagay-Alyta,RU,67.8006,130.4114,27.75,71,48,2.37,scattered clouds
356,Codrington,AU,-38.2667,141.9667,54.01,55,54,11.14,moderate rain
357,Hay River,CA,60.8156,-115.7999,40.98,60,20,14.97,few clouds
358,Qaqortoq,GL,60.7167,-46.0333,30.7,50,14,0.11,few clouds
359,Tual,ID,-5.6667,132.75,82.96,74,100,1.21,overcast clouds
360,Mayskiy,RU,47.6931,40.1025,47.61,60,9,9.84,clear sky
361,Aktau,KZ,43.65,51.2,37.98,38,53,9.51,broken clouds
362,Basco,PH,20.4487,121.9702,81.25,94,100,42.43,light rain
363,Guaimaca,HN,14.5333,-86.8167,76.6,77,71,2.89,broken clouds
364,Morros,BR,-9.4467,-46.3003,84.63,33,100,3.4,overcast clouds
365,Elko,US,41.0002,-115.5012,55.42,42,10,5.01,clear sky
366,Manavalakurichi,IN,8.1333,77.3,78.89,82,100,11.1,light rain
367,Cutervo,PE,-6.379,-78.8157,52.72,93,64,2.51,light rain
368,Nizhniy Tsasuchey,RU,50.5167,115.1333,48.7,38,3,3.89,clear sky
369,Tuim,RU,54.3417,89.9261,38.62,84,100,4.65,overcast clouds
370,Shambu,ET,9.5667,37.1,51.21,92,86,2.06,overcast clouds
371,Vidim,RU,56.4088,103.1106,37.85,92,100,8.23,light rain
372,Narrabri,AU,-30.3167,149.7833,66.29,72,90,6.91,overcast clouds
373,Sao Paulo De Olivenca,BR,-3.3783,-68.8725,74.46,93,35,2.48,scattered clouds
374,Chuy,UY,-33.6971,-53.4616,59.99,81,100,13.56,overcast clouds
375,Nanortalik,GL,60.1432,-45.2371,37.11,59,3,1.23,clear sky
376,Verkhoyansk,RU,67.5447,133.385,37.18,60,100,4.97,overcast clouds
377,Berlevag,NO,70.8578,29.0864,44.01,89,100,5.84,overcast clouds
378,Seymchan,RU,62.8833,152.4333,26.11,48,2,4.03,clear sky
379,Buta,CD,2.7858,24.73,70.47,99,100,2.59,moderate rain
380,Souillac,MU,-20.5167,57.5167,72.36,100,75,9.22,light rain
381,San Quintin,MX,30.4833,-115.95,66.7,78,0,9.69,clear sky
382,Springbok,ZA,-29.6643,17.8865,63.46,12,0,9.26,clear sky
383,Pandamatenga,BW,-18.5278,25.627,62.11,72,1,14.2,clear sky
384,Kulhudhuffushi,MV,6.6221,73.07,82.98,78,100,18.14,overcast clouds
385,Praia Da Vitoria,PT,38.7333,-27.0667,72.75,94,40,13.33,scattered clouds
386,Kamaishi,JP,39.2667,141.8833,70.75,77,84,12.86,moderate rain
387,Pemangkat,ID,1.1667,108.9667,84.99,73,67,9.17,broken clouds
388,Sinor,IN,21.9167,73.3333,80.62,85,15,2.93,few clouds
389,Guerrero Negro,MX,27.9769,-114.0611,71.13,71,0,15.97,clear sky
390,Ferme-Neuve,CA,46.7001,-75.4493,58.78,93,100,4.52,overcast clouds
391,Ancud,CL,-41.8697,-73.8203,47.73,86,100,4.79,overcast clouds
392,Salalah,OM,17.0151,54.0924,77.09,83,75,3.44,broken clouds
393,Saint-Francois,FR,46.4154,3.9054,37.67,96,90,3.44,fog
394,Omsukchan,RU,62.5333,155.8,22.57,73,2,5.14,clear sky
395,Hengshan,CN,45.2,130.9167,53.33,39,0,15.9,clear sky
396,Latehar,IN,23.75,84.5,74.77,74,19,1.88,few clouds
397,Ranong,TH,9.9658,98.6348,78.73,87,98,15.17,light rain
398,Khuzdar,PK,27.7384,66.6434,63.07,19,0,10.29,clear sky
399,Borogontsy,RU,62.6683,131.1683,35.85,80,100,9.48,overcast clouds
400,Antsla,EE,57.8256,26.5406,38.95,86,11,6.33,few clouds
401,Chicama,PE,-7.8447,-79.1469,59.54,86,60,5.84,broken clouds
402,Cairo,EG,30.0626,31.2497,71.71,41,0,11.5,clear sky
403,Bilma,NE,18.6853,12.9164,78.96,12,44,7.14,scattered clouds
404,Tagbac,PH,7.089,125.1567,80.92,77,66,6.55,broken clouds
405,Naron,ES,43.5167,-8.1528,58.01,74,0,9.91,clear sky
406,Mariental,NA,-24.6333,17.9667,63.81,16,0,12.1,clear sky
407,Mackay,AU,-21.15,149.2,87.67,61,0,13.8,clear sky
408,Kirakira,SB,-10.4544,161.9205,82.69,76,100,8.12,overcast clouds
409,Gladstone,AU,-23.85,151.25,81.79,54,1,12.66,clear sky
410,Staryy Nadym,RU,65.6118,72.6842,26.42,76,44,7.87,scattered clouds
411,Novikovo,RU,51.1537,37.8879,43.84,57,100,4.74,overcast clouds
412,Chara,RU,56.9064,118.2631,34.45,57,31,9.19,scattered clouds
413,Alora,ES,36.8236,-4.7058,67.5,92,96,4.54,overcast clouds
414,Narsaq,GL,60.9167,-46.05,30.42,47,17,1.41,few clouds
415,Banepa,NP,27.6298,85.5214,66.52,94,20,2.3,mist
416,Zhaoyuan,CN,37.3592,120.3964,63.3,39,26,12.48,scattered clouds
417,Sakhon Nakhon,TH,17.1612,104.1472,76.95,100,75,0.0,heavy intensity rain
418,Makambako,TZ,-8.8453,34.823,55.94,88,53,12.5,broken clouds
419,Pochutla,MX,15.7432,-96.4661,80.82,85,5,4.47,clear sky
420,Moose Factory,CA,51.2585,-80.6094,64.4,82,1,9.22,clear sky
421,Trinidad,BO,-14.8333,-64.9,85.48,43,98,4.25,overcast clouds
422,Yangjiang,CN,21.85,111.9667,79.95,75,61,14.54,broken clouds
423,Dakar,SN,14.6937,-17.4441,77.88,76,51,6.93,broken clouds
424,Malibu,US,34.005,-118.8101,78.26,81,0,3.0,clear sky
425,Vostok,RU,46.4856,135.8833,43.59,63,53,15.66,broken clouds
426,Fortuna,US,40.5982,-124.1573,55.92,68,1,3.0,clear sky
427,Heihe,CN,50.2441,127.4902,52.38,48,0,12.15,clear sky
428,George Town,MY,5.4112,100.3354,85.93,76,20,3.0,few clouds
429,Kristiinankaupunki,FI,62.2743,21.376,49.06,91,100,20.51,overcast clouds
430,La Linea,AR,-27.6243,-55.0388,63.91,100,100,3.18,very heavy rain
431,Les Cayes,HT,18.2,-73.75,77.9,80,8,2.82,clear sky
432,Port Hedland,AU,-20.3167,118.5667,82.45,18,8,12.66,clear sky
433,Pran Buri,TH,12.3847,99.9098,87.98,64,100,10.16,overcast clouds
434,Cabedelo,BR,-6.9811,-34.8339,77.67,77,14,9.6,few clouds
435,Ponta Delgada,PT,37.7333,-25.6667,72.32,88,75,9.22,broken clouds
436,Cayenne,GF,4.9333,-52.3333,83.08,82,0,4.0,clear sky
437,Saint-Pierre,RE,-21.3393,55.4781,73.04,74,90,2.3,overcast clouds
438,Beloha,MG,-25.1667,45.05,66.72,75,100,13.73,overcast clouds
439,Kemijarvi,FI,66.7131,27.4306,47.19,96,100,9.08,light rain
440,Afonso Claudio,BR,-20.0742,-41.1239,57.67,97,100,2.24,overcast clouds
441,Usinsk,RU,65.9939,57.5281,29.01,96,100,13.22,light snow
442,Creemore,CA,44.327,-80.1075,65.75,86,75,6.91,broken clouds
443,Westport,US,41.1415,-73.3579,64.74,90,90,1.01,overcast clouds
444,Makakilo City,US,21.3469,-158.0858,86.32,56,40,11.5,scattered clouds
445,Flinders,AU,-34.5833,150.8552,61.88,69,100,5.99,overcast clouds
446,Carauari,BR,-4.8828,-66.8958,78.69,71,32,2.51,scattered clouds
447,Tazovskiy,RU,67.4667,78.7,28.04,80,73,15.1,broken clouds
448,Kysyl-Syr,RU,63.8986,122.7617,32.47,90,100,11.52,light snow
449,Cabo San Lucas,MX,22.8909,-109.9124,86.5,79,50,3.49,scattered clouds
450,Coahuayana,MX,18.7333,-103.6833,78.98,92,96,4.05,overcast clouds
451,Bundaberg,AU,-24.85,152.35,82.22,53,42,8.99,scattered clouds
452,Jaciara,BR,-15.9653,-54.9683,81.37,60,100,3.91,overcast clouds
453,Petropavlovka,RU,50.6114,105.3196,42.62,51,0,2.59,clear sky
454,Alta Floresta,BR,-9.8756,-56.0861,76.53,74,98,3.8,light rain
455,Bambanglipuro,ID,-7.95,110.2833,81.32,68,99,9.89,overcast clouds
456,Kuandian,CN,40.7286,124.7847,55.22,45,0,6.71,clear sky
457,Saint-Lo,FR,49.1162,-1.0903,57.63,90,88,5.82,overcast clouds
458,Shanghai,CN,31.2222,121.4581,71.47,93,75,1.01,light rain
459,Dzaoudzi,YT,-12.7887,45.2699,76.89,83,90,10.36,overcast clouds
460,Abaza,RU,52.655,90.0928,43.25,65,100,2.98,overcast clouds
461,Pafos,CY,34.7667,32.4167,67.91,52,100,10.36,overcast clouds
462,Agua Verde,MX,22.9,-106.05,87.04,78,17,2.66,few clouds
463,Sambava,MG,-14.2667,50.1667,65.5,84,70,7.76,broken clouds
464,Olinda,BR,-8.0089,-34.8553,80.33,78,75,9.22,broken clouds
465,Sal Rei,CV,16.1833,-22.9167,75.76,77,0,16.22,clear sky
466,Kon Tum,VN,14.35,108.0,76.21,87,97,1.74,overcast clouds
467,Sivaki,RU,52.6333,126.75,42.53,70,0,9.06,clear sky
468,Hongjiang,CN,27.11,109.9956,54.88,89,100,6.11,overcast clouds
469,Chernyshevskiy,RU,63.0128,112.4714,27.37,62,16,12.59,few clouds
470,Ayacucho,PE,-13.1583,-74.2239,61.23,69,48,5.97,light rain
471,Jacareacanga,BR,-6.2222,-57.7528,80.35,65,99,1.83,overcast clouds
472,Blyth,GB,55.1271,-1.5086,49.66,89,0,5.01,clear sky
473,Ballina,AU,-28.8667,153.5667,82.78,47,75,11.5,light rain
474,Weston,US,26.1004,-80.3998,80.98,82,1,4.61,clear sky
475,Khandyga,RU,62.6667,135.6,35.11,62,100,7.02,overcast clouds
476,Santarem,BR,-2.4431,-54.7083,82.53,89,0,6.91,clear sky
477,Boende,CD,-0.2167,20.8667,71.38,100,100,0.65,light rain
478,Muncar,ID,-8.4333,114.3333,83.21,58,93,5.61,overcast clouds
479,Kargala,RU,56.6208,83.9607,29.95,70,100,7.18,overcast clouds
480,Manokwari,ID,-0.8667,134.0833,85.15,67,80,7.78,broken clouds
481,Arlit,NE,18.7369,7.3853,81.72,11,71,6.78,broken clouds
482,Barberton,ZA,-25.7884,31.0532,52.93,86,25,2.44,scattered clouds
483,Inongo,CD,-1.95,18.2667,71.46,97,100,6.58,light rain
484,Taiyuan,CN,37.8694,112.5603,48.06,53,0,2.24,clear sky
485,Menongue,AO,-14.6585,17.691,67.08,19,4,6.29,clear sky
486,Araouane,ML,18.9048,-3.5265,85.33,11,76,4.45,broken clouds
487,Airai,TL,-8.9266,125.4092,80.71,35,46,2.53,scattered clouds
488,Havre-Saint-Pierre,CA,50.2334,-63.5986,50.0,93,75,5.75,broken clouds
489,Honningsvag,NO,70.9821,25.9704,46.2,85,100,5.99,overcast clouds
490,Taltal,CL,-25.4,-70.4833,63.82,54,0,4.47,clear sky
491,Yarovoye,RU,52.9273,78.58,38.37,92,100,7.05,overcast clouds
492,Road Town,VG,18.4167,-64.6167,80.2,80,51,25.03,broken clouds
493,Ust-Kut,RU,56.7938,105.7672,39.04,93,100,7.16,overcast clouds
494,Anloga,GH,5.7947,0.8973,77.22,82,100,7.18,overcast clouds
495,Fare,PF,-16.7,-151.0167,79.7,75,31,11.16,scattered clouds
496,Kizner,RU,56.2749,51.508,45.16,90,100,5.17,overcast clouds
497,Kirkland Lake,CA,48.1446,-80.0377,62.89,94,100,9.66,overcast clouds
498,Mount Isa,AU,-20.7333,139.5,69.57,94,40,10.36,scattered clouds
499,San Pedro,PH,14.35,121.0167,88.11,72,75,10.36,broken clouds
500,Chintamani,IN,13.4,78.0667,71.76,88,100,6.76,overcast clouds
501,Marienburg,PL,54.0359,19.0266,39.88,71,18,7.56,few clouds
502,Mareeba,AU,-17.0,145.4333,86.32,24,16,2.55,few clouds
503,Paragominas,BR,-2.9667,-47.4833,72.0,98,16,2.75,few clouds
504,Cocula,MX,20.3652,-103.8222,73.13,88,61,2.55,broken clouds
505,Kyra,RU,49.5776,111.9753,42.87,50,28,2.06,scattered clouds
506,Tessalit,ML,20.1986,1.0114,82.36,12,82,8.52,broken clouds
507,Irbil,IQ,36.1926,44.0106,69.73,17,0,3.27,clear sky
508,Gamba,GA,-2.65,10.0,75.04,85,100,1.1,overcast clouds
509,La Ronge,CA,55.1001,-105.2842,43.05,87,75,1.14,broken clouds
510,Ixtapa,MX,20.7,-105.2,81.23,94,91,1.99,overcast clouds
511,Fuyu,CN,45.1833,124.8167,55.04,36,0,10.2,clear sky
512,Peniche,PT,39.3558,-9.3811,72.63,73,86,5.99,overcast clouds
513,Boca Do Acre,BR,-8.7522,-67.3978,81.59,62,94,3.29,overcast clouds
514,Kashary,RU,49.04,41.0056,41.76,68,74,6.69,broken clouds
515,Shiloh,US,38.5614,-89.8973,78.62,65,1,5.75,clear sky
516,Lesozavodsk,RU,45.4794,133.4244,54.28,47,0,15.08,clear sky
517,Terrace,CA,54.5163,-128.6035,45.43,93,75,3.44,light intensity shower rain
518,Ust-Nera,RU,64.5667,143.2,28.38,56,100,4.47,overcast clouds
519,Virginia Beach,US,36.8529,-75.978,71.65,90,90,1.99,overcast clouds
520,Dabat,ET,12.9842,37.765,53.06,81,59,5.14,broken clouds
521,Grand Gaube,MU,-20.0064,57.6608,72.37,92,100,5.01,light rain
522,Truth Or Consequences,US,33.1284,-107.2528,68.23,19,1,5.75,clear sky
523,Tura,IN,25.5198,90.2201,79.84,76,51,3.4,broken clouds
524,Tawau,MY,4.2498,117.8871,86.13,84,100,5.01,overcast clouds
525,Xichang,CN,27.8964,102.2634,66.54,74,50,2.17,scattered clouds
526,Port Shepstone,ZA,-30.7414,30.455,59.7,73,5,12.8,clear sky
527,Barcelos,PT,41.5388,-8.6151,67.84,52,71,7.29,broken clouds
528,Haines Junction,CA,60.7522,-137.5108,40.95,56,12,1.14,few clouds
529,Calvinia,ZA,-31.4707,19.776,59.47,9,54,8.41,broken clouds
530,Iara,RO,46.55,23.5167,43.3,53,53,1.77,light rain
531,Ostersund,SE,63.1792,14.6357,41.45,100,75,4.61,broken clouds
532,Jurm,AF,36.8648,70.8342,39.63,68,3,3.6,clear sky
533,Shubarkuduk,KZ,49.1447,56.4872,41.49,83,22,5.06,few clouds
534,Luangwa,ZM,-15.6167,30.4167,74.23,62,3,15.84,clear sky
535,Saint-Augustin,CA,51.226,-58.6502,50.07,75,35,3.83,scattered clouds
536,Abu Kamal,SY,34.4506,40.9171,72.34,21,4,1.99,clear sky
537,Morant Bay,JM,17.8815,-76.4093,82.02,79,79,4.47,broken clouds
538,Zyryanka,RU,65.75,150.85,29.98,52,8,12.62,clear sky
539,La Rioja,ES,42.25,-2.5,44.49,93,100,3.94,overcast clouds
540,Kabinda,CD,-6.1333,24.4833,71.51,73,100,1.81,overcast clouds
541,Kibre Mengist,ET,5.8833,38.9833,59.88,93,96,1.23,overcast clouds
542,Sistranda,NO,63.7256,8.834,48.9,87,100,20.02,light rain
543,Zavodoukovsk,RU,56.5042,66.5515,25.38,84,8,0.87,clear sky
544,Ketchikan,US,55.3422,-131.6461,48.67,87,90,3.44,light rain
545,Adela,PH,12.4416,120.9729,82.71,85,90,20.0,overcast clouds
546,Lavrentiya,RU,65.5833,-171.0,30.52,82,100,5.06,overcast clouds
547,Fort Nelson,CA,58.8053,-122.7002,42.39,65,75,2.3,light rain
548,Luau,AO,-10.7073,22.2247,76.33,35,100,4.0,overcast clouds
549,Cascais,PT,38.6979,-9.4215,72.52,63,99,3.0,overcast clouds
550,Bonavista,CA,48.6499,-53.1147,44.11,76,17,22.82,few clouds
551,Hambantota,LK,6.1241,81.1185,75.54,100,90,4.61,overcast clouds
552,Dhidhdhoo,MV,6.8833,73.1,82.98,78,100,18.39,overcast clouds
553,Mehran,IR,33.1222,46.1646,71.08,14,0,9.53,clear sky
554,Nizhniy Kuranakh,RU,58.8353,125.4869,33.89,76,97,12.17,overcast clouds
555,Petropavlovsk-Kamchatskiy,RU,53.0452,158.6483,41.59,93,90,20.13,mist
556,Mount Darwin,ZW,-16.7725,31.5838,63.61,78,70,13.82,broken clouds
557,Santiago,CL,-33.4569,-70.6483,62.85,57,0,6.91,clear sky
558,Chipata,ZM,-13.6333,32.65,65.35,66,3,10.85,clear sky
559,Visby,SE,57.6409,18.296,52.86,76,20,13.8,few clouds
560,Mersing,MY,2.4312,103.8405,84.11,74,40,8.05,scattered clouds
561,Vrises,GR,35.492,23.8899,71.19,66,10,6.22,clear sky
562,Shymkent,KZ,42.3,69.6,43.39,53,0,11.18,clear sky
563,Nantucket,US,41.2835,-70.0995,63.01,93,90,13.8,heavy intensity rain
564,Beringovskiy,RU,63.05,179.3167,27.66,84,51,10.98,broken clouds
565,Farafangana,MG,-22.8167,47.8333,68.27,88,45,5.03,scattered clouds
566,Warin Chamrap,TH,15.1932,104.8628,88.03,87,20,2.3,few clouds
567,Awbari,LY,26.5921,12.7805,74.61,14,0,11.81,clear sky
568,Mahon,ES,39.8885,4.2658,57.76,82,0,8.05,clear sky
569,Faanui,PF,-16.4833,-151.75,80.08,74,97,13.62,overcast clouds
570,Hami,CN,42.8,93.45,48.69,24,9,6.06,clear sky
571,Tayoltita,MX,24.0833,-105.9333,69.31,96,84,1.28,broken clouds
572,Ayutla,MX,20.1167,-104.3333,66.88,86,99,2.15,overcast clouds
573,Macau,MO,22.2006,113.5461,86.72,78,0,18.41,clear sky
574,Ugoofaaru,MV,5.6667,73.0,83.21,79,88,17.65,overcast clouds
575,Morondava,MG,-20.2833,44.2833,73.69,79,4,8.72,clear sky
576,Porto Belo,BR,-27.1578,-48.5531,71.17,83,100,11.72,light rain
577,Pasighat,IN,28.0667,95.3333,82.53,67,4,0.02,clear sky
578,Saint Anthony,US,45.0205,-93.218,61.75,68,90,5.99,overcast clouds
579,Liseleje,DK,56.0053,11.9483,51.8,94,100,1.01,overcast clouds
580,Muroto,JP,33.2833,134.15,77.04,78,50,7.58,light rain
581,Olavarria,AR,-36.8927,-60.3225,57.02,86,100,7.63,overcast clouds
582,Tolyatti,RU,53.5303,49.3461,43.16,67,74,4.0,broken clouds
583,Outjo,NA,-20.1167,16.15,67.35,11,0,9.62,clear sky
584,Batouri,CM,4.4333,14.3667,65.86,99,100,2.95,overcast clouds
585,Dingle,PH,10.9995,122.6711,83.59,81,98,14.99,overcast clouds
586,Viedma,AR,-40.8135,-62.9967,55.89,69,0,14.92,clear sky
587,Fukue,JP,32.6881,128.8419,79.16,89,75,6.91,broken clouds
588,Aluksne,LV,57.4167,27.05,35.11,90,44,6.11,scattered clouds
589,Hazorasp,UZ,41.3194,61.0742,35.44,46,7,3.04,clear sky
590,Manzil Salim,TN,35.8567,8.4765,53.6,74,0,3.74,clear sky
591,Bagdarin,RU,54.4333,113.6,41.59,47,33,6.44,scattered clouds
592,Rudiskes,LT,54.5167,24.8333,34.07,81,5,5.08,clear sky
593,Hamilton,US,39.1834,-84.5333,74.75,78,1,1.01,clear sky
594,Portree,GB,57.4129,-6.1942,51.85,92,100,8.46,overcast clouds
595,Troitskoye,RU,52.9821,84.6757,43.21,74,100,6.38,overcast clouds
596,Sfantu Gheorghe,RO,45.8667,25.7833,37.92,57,85,4.68,overcast clouds
597,Tarpon Springs,US,28.1461,-82.7568,80.56,77,1,1.01,clear sky
598,Soyo,AO,-6.1349,12.3689,75.09,82,97,8.7,overcast clouds
599,Fougamou,GA,-1.2154,10.5838,73.08,98,100,1.19,overcast clouds
600,Asfi,MA,32.2994,-9.2372,67.62,87,40,6.08,scattered clouds
601,Deputatskiy,RU,69.3,139.9,23.85,77,100,3.53,overcast clouds
602,Hasaki,JP,35.7333,140.8333,81.28,68,2,17.49,clear sky
603,Ormara,PK,25.2088,64.6357,81.64,31,0,10.27,clear sky
604,Kismayo,SO,-0.3582,42.5454,77.36,86,18,13.27,few clouds
605,Van,TR,38.4924,43.3831,52.41,33,0,4.59,clear sky
606,Cartagena,CO,10.3997,-75.5144,80.58,78,65,3.56,broken clouds
607,Tadine,NC,-21.55,167.8833,75.56,56,5,11.25,clear sky
608,Santiago De Cao,PE,-7.9589,-79.2392,60.93,88,90,9.22,moderate rain
609,Oranjemund,NA,-28.55,16.4333,73.71,23,1,8.37,clear sky
610,Camacha,PT,33.0833,-16.3333,68.54,68,20,9.22,few clouds
611,Dandong,CN,40.1292,124.3947,57.34,51,26,10.58,scattered clouds
612,San Rafael Del Sur,NI,11.8485,-86.4384,76.17,87,100,3.18,overcast clouds
613,Kokopo,PG,-4.352,152.2633,84.87,66,25,7.11,scattered clouds
614,Elizabeth City,US,36.2946,-76.2511,71.65,92,90,20.71,overcast clouds
615,Nuevo Progreso,MX,23.1667,-97.95,82.6,71,4,10.69,clear sky
616,Sao Felix Do Xingu,BR,-6.6447,-51.995,77.59,67,89,1.1,light rain
617,Chumikan,RU,54.7183,135.315,43.16,78,89,18.63,overcast clouds
618,Kropotkin,RU,45.4375,40.5756,49.21,83,22,11.72,few clouds
619,Acapetahua,MX,15.2833,-92.7,77.72,93,71,1.72,broken clouds
620,Suixi,CN,33.8907,116.7747,56.55,65,99,8.14,light rain
621,Demba,CD,-5.51,22.2667,70.81,88,100,3.2,overcast clouds
622,Adrar,MR,20.5022,-10.0711,83.73,14,29,3.71,scattered clouds
623,Burns Lake,CA,54.2331,-125.7533,44.02,67,100,6.26,overcast clouds
624,Ewa Beach,US,21.3156,-158.0072,87.75,56,40,11.5,scattered clouds
625,Diebougou,BF,10.9667,-3.25,75.78,86,100,4.25,overcast clouds
626,Otukpo,NG,7.1913,8.1329,72.75,95,97,3.31,overcast clouds
627,Corinto,GR,37.9407,22.9573,72.45,88,42,0.72,scattered clouds
628,Rocha,UY,-34.4833,-54.3333,58.93,81,100,12.71,overcast clouds
629,Voi,KE,-3.3945,38.563,69.55,81,95,8.01,overcast clouds
630,Buraydah,SA,26.326,43.975,72.05,18,0,5.26,clear sky
631,Yaan,NG,7.3833,8.5667,72.55,94,99,4.36,overcast clouds
632,Port Keats,AU,-14.25,129.55,89.42,56,72,10.8,broken clouds
633,Amahai,ID,-3.3333,128.9167,84.72,72,100,4.25,overcast clouds
634,Kurtamysh,RU,54.9103,64.4319,27.27,68,8,3.18,clear sky
635,Baiyin,CN,36.5583,104.2081,43.68,57,0,3.09,clear sky
636,Vanavara,RU,60.34,102.2797,28.74,78,97,10.45,overcast clouds
637,Kyshtovka,RU,56.555,76.6271,27.07,70,99,5.91,overcast clouds
638,Hare Bay,CA,48.8499,-54.0148,36.75,88,7,6.71,clear sky
639,Puerto Del Rosario,ES,28.5004,-13.8627,73.15,64,89,11.5,overcast clouds
640,Omurtag,BG,43.1,26.4167,53.56,86,100,4.88,overcast clouds
641,Palora,EC,-1.7,-77.9333,64.99,98,28,3.0,light rain
642,Kargopol,RU,61.5071,38.9456,48.0,85,100,8.86,overcast clouds
643,Tarragona,ES,41.129,1.249,60.39,84,0,8.05,clear sky
644,Dinagat,PH,9.9561,125.5933,83.32,80,72,23.78,broken clouds
645,Novyy Urengoy,RU,66.0833,76.6333,26.74,80,31,8.99,scattered clouds
646,Dauriya,RU,49.9333,116.8667,47.07,47,2,5.7,clear sky
647,Ha Giang,VN,22.8333,104.9833,71.49,99,100,4.29,overcast clouds
648,Iskateley,RU,67.6803,53.1512,30.16,95,100,10.89,light snow
649,Skeldon,GY,5.8833,-57.1333,78.8,87,87,5.75,overcast clouds
650,Novyy Urgal,RU,51.0736,132.5642,45.86,54,32,8.12,scattered clouds
651,Luganville,VU,-15.5333,167.1667,82.54,73,99,10.09,light rain
652,Kasempa,ZM,-13.4584,25.8338,72.03,31,68,9.26,broken clouds
653,Churapcha,RU,62.0025,132.4325,33.93,96,100,10.54,light rain
654,Rybachiy,RU,48.7073,44.7449,39.06,53,12,4.27,few clouds
655,Midland,US,31.9974,-102.0779,69.69,40,1,14.97,clear sky
656,Takoradi,GH,4.8845,-1.7554,75.96,90,99,4.83,overcast clouds
657,Imbituba,BR,-28.24,-48.6703,67.89,79,63,11.16,broken clouds
658,Luanda,AO,-8.8368,13.2343,73.4,83,75,3.44,broken clouds
659,Calama,CL,-22.4667,-68.9333,54.72,27,0,1.63,clear sky
660,Omoa,HN,15.7667,-88.0333,82.58,84,2,5.77,clear sky
661,Bembereke,BJ,10.2283,2.6634,73.27,86,100,7.25,overcast clouds
662,Apt,FR,43.8833,5.4,52.09,68,0,5.06,clear sky
663,Riohacha,CO,11.5444,-72.9072,78.91,86,99,6.53,overcast clouds
664,Baruun-Urt,MN,46.6806,113.2792,43.68,33,0,15.39,clear sky
665,De-Kastri,RU,51.4667,140.7833,43.59,91,100,24.27,overcast clouds
666,Tabou,CI,4.423,-7.3528,76.95,89,100,7.36,overcast clouds
667,Okahandja,NA,-21.9833,16.9167,70.11,11,0,9.48,clear sky
668,Sarakhs,IR,36.5449,61.1577,39.34,41,0,2.3,clear sky
669,Nampula,MZ,-15.1165,39.2666,67.23,95,13,2.3,light rain
670,Slyudyanka,RU,51.6594,103.7061,47.25,50,23,2.8,few clouds
671,Gravdal,NO,68.1214,13.5031,48.4,75,98,3.38,overcast clouds
672,Paamiut,GL,61.994,-49.6678,37.92,60,100,8.3,overcast clouds
673,Juneau,US,58.3019,-134.4197,46.45,96,98,2.01,overcast clouds
674,Watsa,CD,3.0372,29.5355,61.66,96,100,1.05,overcast clouds
675,Armidale,AU,-30.5167,151.65,60.82,91,100,4.92,overcast clouds
676,Shenkursk,RU,62.1091,42.896,48.83,88,100,10.65,overcast clouds
